{
  "openapi": "3.0.1",
  "servers": [
    {
      "url": "/",
      "description": "Default Server URL"
    }
  ],
  "paths": {
    "/internal/services/biller-data/billerData/cache/reload": {
      "put": {
        "tags": [
          "biller-controller-impl"
        ],
        "operationId": "refreshCacheForBillerData",
        "requestBody": {
          "content": {
            "application/json": {
              "schema": {
                "$ref": "#/components/schemas/BillerDataCacheUpdateRequest"
              }
            }
          },
          "required": true
        },
        "responses": {
          "200": {
            "description": "OK",
            "content": {
              "application/json": {
                "schema": {
                  "$ref": "#/components/schemas/BillerDataCacheUpdateResponse"
                }
              }
            }
          }
        }
      }
    },
    "/services/biller-data/billerData/cache/reload": {
      "put": {
        "tags": [
          "biller-controller-impl"
        ],
        "operationId": "refreshCacheForBillerData_1",
        "requestBody": {
          "content": {
            "application/json": {
              "schema": {
                "$ref": "#/components/schemas/BillerDataCacheUpdateRequest"
              }
            }
          },
          "required": true
        },
        "responses": {
          "200": {
            "description": "OK",
            "content": {
              "application/json": {
                "schema": {
                  "$ref": "#/components/schemas/BillerDataCacheUpdateResponse"
                }
              }
            }
          }
        }
      }
    },
    "/services/v1/bill-payment/bills/update": {
      "post": {
        "tags": [
          "bill-controller-impl"
        ],
        "operationId": "updateCustomerBillAccount",
        "requestBody": {
          "content": {
            "application/json": {
              "schema": {
                "$ref": "#/components/schemas/UpdateCustomerBillAccountRequest"
              }
            }
          },
          "required": true
        },
        "responses": {
          "200": {
            "description": "OK",
            "content": {
              "application/json": {
                "schema": {
                  "$ref": "#/components/schemas/UpdateCustomerBillAccountResponse"
                }
              }
            }
          }
        }
      }
    },
    "/internal/services/v1/bill-payment/bills/update": {
      "post": {
        "tags": [
          "bill-controller-impl"
        ],
        "operationId": "updateCustomerBillAccount_1",
        "requestBody": {
          "content": {
            "application/json": {
              "schema": {
                "$ref": "#/components/schemas/UpdateCustomerBillAccountRequest"
              }
            }
          },
          "required": true
        },
        "responses": {
          "200": {
            "description": "OK",
            "content": {
              "application/json": {
                "schema": {
                  "$ref": "#/components/schemas/UpdateCustomerBillAccountResponse"
                }
              }
            }
          }
        }
      }
    },
    "/services/cof/topup": {
      "post": {
        "tags": [
          "cof-topup-controller-impl"
        ],
        "operationId": "loadMoney",
        "requestBody": {
          "content": {
            "application/json": {
              "schema": {
                "$ref": "#/components/schemas/CofTopupRequest"
              }
            }
          },
          "required": true
        },
        "responses": {
          "200": {
            "description": "OK",
            "content": {
              "application/json": {
                "schema": {
                  "$ref": "#/components/schemas/CofTopupResponse"
                }
              }
            }
          }
        }
      }
    },
    "/internal/services/cof/topup": {
      "post": {
        "tags": [
          "cof-topup-controller-impl"
        ],
        "operationId": "loadMoney_1",
        "requestBody": {
          "content": {
            "application/json": {
              "schema": {
                "$ref": "#/components/schemas/CofTopupRequest"
              }
            }
          },
          "required": true
        },
        "responses": {
          "200": {
            "description": "OK",
            "content": {
              "application/json": {
                "schema": {
                  "$ref": "#/components/schemas/CofTopupResponse"
                }
              }
            }
          }
        }
      }
    },
    "/services/cof/top-up/abort": {
      "post": {
        "tags": [
          "cof-topup-controller-impl"
        ],
        "operationId": "cancelLoad",
        "requestBody": {
          "content": {
            "application/json": {
              "schema": {
                "$ref": "#/components/schemas/CancelRequest"
              }
            }
          },
          "required": true
        },
        "responses": {
          "200": {
            "description": "OK",
            "content": {
              "application/json": {
                "schema": {
                  "$ref": "#/components/schemas/CancelTopUpResponse"
                }
              }
            }
          }
        }
      }
    },
    "/internal/services/cof/top-up/abort": {
      "post": {
        "tags": [
          "cof-topup-controller-impl"
        ],
        "operationId": "cancelLoad_1",
        "requestBody": {
          "content": {
            "application/json": {
              "schema": {
                "$ref": "#/components/schemas/CancelRequest"
              }
            }
          },
          "required": true
        },
        "responses": {
          "200": {
            "description": "OK",
            "content": {
              "application/json": {
                "schema": {
                  "$ref": "#/components/schemas/CancelTopUpResponse"
                }
              }
            }
          }
        }
      }
    },
    "/internal/services/biller-data/billerData/updates": {
      "post": {
        "tags": [
          "biller-controller-impl"
        ],
        "operationId": "getBillerDataUpdates",
        "requestBody": {
          "content": {
            "application/json": {
              "schema": {
                "$ref": "#/components/schemas/BillerDataUpdatesRequest"
              }
            }
          },
          "required": true
        },
        "responses": {
          "200": {
            "description": "OK",
            "content": {
              "application/json": {
                "schema": {
                  "$ref": "#/components/schemas/BillerDataUpdatesResponse"
                }
              }
            }
          }
        }
      }
    },
    "/services/biller-data/billerData/updates": {
      "post": {
        "tags": [
          "biller-controller-impl"
        ],
        "operationId": "getBillerDataUpdates_1",
        "requestBody": {
          "content": {
            "application/json": {
              "schema": {
                "$ref": "#/components/schemas/BillerDataUpdatesRequest"
              }
            }
          },
          "required": true
        },
        "responses": {
          "200": {
            "description": "OK",
            "content": {
              "application/json": {
                "schema": {
                  "$ref": "#/components/schemas/BillerDataUpdatesResponse"
                }
              }
            }
          }
        }
      }
    },
    "/services/biller-data/billerData/evictCache": {
      "post": {
        "tags": [
          "biller-controller-impl"
        ],
        "operationId": "evictCacheForBillerData",
        "requestBody": {
          "content": {
            "application/json": {
              "schema": {
                "$ref": "#/components/schemas/BillerDataCacheUpdateRequest"
              }
            }
          },
          "required": true
        },
        "responses": {
          "200": {
            "description": "OK",
            "content": {
              "application/json": {
                "schema": {
                  "$ref": "#/components/schemas/BillerDataCacheUpdateResponse"
                }
              }
            }
          }
        }
      }
    },
    "/internal/services/biller-data/billerData/evictCache": {
      "post": {
        "tags": [
          "biller-controller-impl"
        ],
        "operationId": "evictCacheForBillerData_1",
        "requestBody": {
          "content": {
            "application/json": {
              "schema": {
                "$ref": "#/components/schemas/BillerDataCacheUpdateRequest"
              }
            }
          },
          "required": true
        },
        "responses": {
          "200": {
            "description": "OK",
            "content": {
              "application/json": {
                "schema": {
                  "$ref": "#/components/schemas/BillerDataCacheUpdateResponse"
                }
              }
            }
          }
        }
      }
    },
    "/internal/services/bill-payment/v1/bill-payment/pay": {
      "post": {
        "tags": [
          "bill-payment-controller-impl"
        ],
        "operationId": "payBillV1",
        "requestBody": {
          "content": {
            "application/json": {
              "schema": {
                "$ref": "#/components/schemas/PayBillRequest"
              }
            }
          },
          "required": true
        },
        "responses": {
          "200": {
            "description": "OK",
            "content": {
              "application/json": {
                "schema": {
                  "$ref": "#/components/schemas/PayBillResponse"
                }
              }
            }
          }
        }
      }
    },
    "/services/bill-payment/v1/bill-payment/pay": {
      "post": {
        "tags": [
          "bill-payment-controller-impl"
        ],
        "operationId": "payBillV1_1",
        "requestBody": {
          "content": {
            "application/json": {
              "schema": {
                "$ref": "#/components/schemas/PayBillRequest"
              }
            }
          },
          "required": true
        },
        "responses": {
          "200": {
            "description": "OK",
            "content": {
              "application/json": {
                "schema": {
                  "$ref": "#/components/schemas/PayBillResponse"
                }
              }
            }
          }
        }
      }
    },
    "/services/bill-payment/v1/bill-payment/abort": {
      "post": {
        "tags": [
          "bill-payment-controller-impl"
        ],
        "operationId": "cancelBillPay",
        "requestBody": {
          "content": {
            "application/json": {
              "schema": {
                "$ref": "#/components/schemas/CancelRequest"
              }
            }
          },
          "required": true
        },
        "responses": {
          "200": {
            "description": "OK",
            "content": {
              "application/json": {
                "schema": {
                  "$ref": "#/components/schemas/CancelResponse"
                }
              }
            }
          }
        }
      }
    },
    "/internal/services/bill-payment/v1/bill-payment/abort": {
      "post": {
        "tags": [
          "bill-payment-controller-impl"
        ],
        "operationId": "cancelBillPay_1",
        "requestBody": {
          "content": {
            "application/json": {
              "schema": {
                "$ref": "#/components/schemas/CancelRequest"
              }
            }
          },
          "required": true
        },
        "responses": {
          "200": {
            "description": "OK",
            "content": {
              "application/json": {
                "schema": {
                  "$ref": "#/components/schemas/CancelResponse"
                }
              }
            }
          }
        }
      }
    },
    "/event-recovery/event": {
      "post": {
        "tags": [
          "events-recovery-controller"
        ],
        "operationId": "saveEvent",
        "requestBody": {
          "content": {
            "application/json": {
              "schema": {
                "$ref": "#/components/schemas/SaveEventRequest"
              }
            }
          },
          "required": true
        },
        "responses": {
          "200": {
            "description": "OK",
            "content": {
              "application/json": {
                "schema": {
                  "$ref": "#/components/schemas/DigiwalletServiceResponseSaveEventResponse"
                }
              }
            }
          }
        }
      }
    },
    "/event-recovery/event/{eventId}/retry": {
      "post": {
        "tags": [
          "events-recovery-controller"
        ],
        "operationId": "retryEvent",
        "parameters": [
          {
            "name": "eventId",
            "in": "path",
            "required": true,
            "schema": {
              "type": "string"
            }
          }
        ],
        "responses": {
          "200": {
            "description": "OK",
            "content": {
              "application/json": {
                "schema": {
                  "$ref": "#/components/schemas/DigiwalletServiceResponseEventRetryResponse"
                }
              }
            }
          }
        }
      }
    },
    "/services/v1/bills": {
      "get": {
        "tags": [
          "bill-controller-impl"
        ],
        "operationId": "getBills",
        "parameters": [
          {
            "name": "request",
            "in": "query",
            "required": true,
            "schema": {
              "$ref": "#/components/schemas/GetBillsRequest"
            }
          },
          {
            "name": "pageNo",
            "in": "query",
            "required": false,
            "schema": {
              "type": "integer",
              "format": "int32",
              "default": 0
            }
          },
          {
            "name": "pageSize",
            "in": "query",
            "required": false,
            "schema": {
              "type": "integer",
              "format": "int32",
              "default": 10
            }
          }
        ],
        "responses": {
          "200": {
            "description": "OK",
            "content": {
              "application/json": {
                "schema": {
                  "type": "array",
                  "items": {
                    "$ref": "#/components/schemas/GetBillsResponse"
                  }
                }
              }
            }
          }
        }
      }
    },
    "/internal/services/v1/bills": {
      "get": {
        "tags": [
          "bill-controller-impl"
        ],
        "operationId": "getBills_1",
        "parameters": [
          {
            "name": "request",
            "in": "query",
            "required": true,
            "schema": {
              "$ref": "#/components/schemas/GetBillsRequest"
            }
          },
          {
            "name": "pageNo",
            "in": "query",
            "required": false,
            "schema": {
              "type": "integer",
              "format": "int32",
              "default": 0
            }
          },
          {
            "name": "pageSize",
            "in": "query",
            "required": false,
            "schema": {
              "type": "integer",
              "format": "int32",
              "default": 10
            }
          }
        ],
        "responses": {
          "200": {
            "description": "OK",
            "content": {
              "application/json": {
                "schema": {
                  "type": "array",
                  "items": {
                    "$ref": "#/components/schemas/GetBillsResponse"
                  }
                }
              }
            }
          }
        }
      }
    },
    "/services/biller-data/billerData/{customerAccountId}/bill-provider/{billerId}": {
      "get": {
        "tags": [
          "biller-controller-impl"
        ],
        "operationId": "getBillProviderDetails",
        "parameters": [
          {
            "name": "customerAccountId",
            "in": "path",
            "required": true,
            "schema": {
              "type": "string"
            }
          }
        ],
        "responses": {
          "200": {
            "description": "OK",
            "content": {
              "application/json": {
                "schema": {
                  "$ref": "#/components/schemas/BillProviderDetailsResponse"
                }
              }
            }
          }
        }
      }
    },
    "/internal/services/biller-data/billerData/{customerAccountId}/bill-provider/{billerId}": {
      "get": {
        "tags": [
          "biller-controller-impl"
        ],
        "operationId": "getBillProviderDetails_1",
        "parameters": [
          {
            "name": "customerAccountId",
            "in": "path",
            "required": true,
            "schema": {
              "type": "string"
            }
          }
        ],
        "responses": {
          "200": {
            "description": "OK",
            "content": {
              "application/json": {
                "schema": {
                  "$ref": "#/components/schemas/BillProviderDetailsResponse"
                }
              }
            }
          }
        }
      }
    },
    "/services/biller-data/biller/popular": {
      "get": {
        "tags": [
          "biller-controller-impl"
        ],
        "operationId": "getPopularBillers",
        "responses": {
          "200": {
            "description": "OK",
            "content": {
              "application/json": {
                "schema": {
                  "$ref": "#/components/schemas/PopularBillersResponse"
                }
              }
            }
          }
        }
      }
    },
    "/internal/services/biller-data/biller/popular": {
      "get": {
        "tags": [
          "biller-controller-impl"
        ],
        "operationId": "getPopularBillers_1",
        "responses": {
          "200": {
            "description": "OK",
            "content": {
              "application/json": {
                "schema": {
                  "$ref": "#/components/schemas/PopularBillersResponse"
                }
              }
            }
          }
        }
      }
    },
    "/services/biller-data/biller/categories": {
      "get": {
        "tags": [
          "biller-controller-impl"
        ],
        "operationId": "getBillerCategories",
        "parameters": [
          {
            "name": "billerVersion",
            "in": "query",
            "required": true,
            "schema": {
              "type": "integer",
              "format": "int32"
            }
          }
        ],
        "responses": {
          "200": {
            "description": "OK",
            "content": {
              "application/json": {
                "schema": {
                  "$ref": "#/components/schemas/BillerCategoriesResponse"
                }
              }
            }
          }
        }
      }
    },
    "/internal/services/biller-data/biller/categories": {
      "get": {
        "tags": [
          "biller-controller-impl"
        ],
        "operationId": "getBillerCategories_1",
        "parameters": [
          {
            "name": "billerVersion",
            "in": "query",
            "required": true,
            "schema": {
              "type": "integer",
              "format": "int32"
            }
          }
        ],
        "responses": {
          "200": {
            "description": "OK",
            "content": {
              "application/json": {
                "schema": {
                  "$ref": "#/components/schemas/BillerCategoriesResponse"
                }
              }
            }
          }
        }
      }
    },
    "/services/biller-data/biller": {
      "get": {
        "tags": [
          "biller-controller-impl"
        ],
        "operationId": "getBillerById",
        "parameters": [
          {
            "name": "processorBillerId",
            "in": "query",
            "required": true,
            "schema": {
              "type": "string"
            }
          }
        ],
        "responses": {
          "200": {
            "description": "OK",
            "content": {
              "application/json": {
                "schema": {
                  "$ref": "#/components/schemas/BillerByIdResponse"
                }
              }
            }
          }
        }
      }
    },
    "/internal/services/biller-data/biller": {
      "get": {
        "tags": [
          "biller-controller-impl"
        ],
        "operationId": "getBillerById_1",
        "parameters": [
          {
            "name": "processorBillerId",
            "in": "query",
            "required": true,
            "schema": {
              "type": "string"
            }
          }
        ],
        "responses": {
          "200": {
            "description": "OK",
            "content": {
              "application/json": {
                "schema": {
                  "$ref": "#/components/schemas/BillerByIdResponse"
                }
              }
            }
          }
        }
      }
    },
    "/internal/services/biller-data/biller/{billerId}": {
      "get": {
        "tags": [
          "biller-controller-impl"
        ],
        "operationId": "getBillerById_2",
        "parameters": [
          {
            "name": "billerId",
            "in": "path",
            "required": true,
            "schema": {
              "type": "string",
              "format": "uuid"
            }
          },
          {
            "name": "processorBillerId",
            "in": "query",
            "required": true,
            "schema": {
              "type": "string"
            }
          }
        ],
        "responses": {
          "200": {
            "description": "OK",
            "content": {
              "application/json": {
                "schema": {
                  "$ref": "#/components/schemas/BillerByIdResponse"
                }
              }
            }
          }
        }
      }
    },
    "/services/biller-data/biller/{billerId}": {
      "get": {
        "tags": [
          "biller-controller-impl"
        ],
        "operationId": "getBillerById_3",
        "parameters": [
          {
            "name": "billerId",
            "in": "path",
            "required": true,
            "schema": {
              "type": "string",
              "format": "uuid"
            }
          },
          {
            "name": "processorBillerId",
            "in": "query",
            "required": true,
            "schema": {
              "type": "string"
            }
          }
        ],
        "responses": {
          "200": {
            "description": "OK",
            "content": {
              "application/json": {
                "schema": {
                  "$ref": "#/components/schemas/BillerByIdResponse"
                }
              }
            }
          }
        }
      }
    },
    "/services/bill-payment/options": {
      "get": {
        "tags": [
          "bill-payment-controller-impl"
        ],
        "operationId": "fetchBillPaymentInstruments",
        "parameters": [
          {
            "name": "customerAccountId",
            "in": "query",
            "required": true,
            "schema": {
              "type": "string",
              "format": "uuid"
            }
          },
          {
            "name": "processorBillerId",
            "in": "query",
            "required": false,
            "schema": {
              "type": "string"
            }
          },
          {
            "name": "billerId",
            "in": "query",
            "required": false,
            "schema": {
              "type": "string",
              "format": "uuid"
            }
          },
          {
            "name": "amount",
            "in": "query",
            "required": true,
            "schema": {
              "type": "number"
            }
          },
          {
            "name": "currencyUnit",
            "in": "query",
            "required": true,
            "schema": {
              "type": "string"
            }
          }
        ],
        "responses": {
          "200": {
            "description": "OK",
            "content": {
              "application/json": {
                "schema": {
                  "$ref": "#/components/schemas/FetchBillPaymentInstrumentsResponse"
                }
              }
            }
          }
        }
      }
    },
    "/internal/services/bill-payment/options": {
      "get": {
        "tags": [
          "bill-payment-controller-impl"
        ],
        "operationId": "fetchBillPaymentInstruments_1",
        "parameters": [
          {
            "name": "customerAccountId",
            "in": "query",
            "required": true,
            "schema": {
              "type": "string",
              "format": "uuid"
            }
          },
          {
            "name": "processorBillerId",
            "in": "query",
            "required": false,
            "schema": {
              "type": "string"
            }
          },
          {
            "name": "billerId",
            "in": "query",
            "required": false,
            "schema": {
              "type": "string",
              "format": "uuid"
            }
          },
          {
            "name": "amount",
            "in": "query",
            "required": true,
            "schema": {
              "type": "number"
            }
          },
          {
            "name": "currencyUnit",
            "in": "query",
            "required": true,
            "schema": {
              "type": "string"
            }
          }
        ],
        "responses": {
          "200": {
            "description": "OK",
            "content": {
              "application/json": {
                "schema": {
                  "$ref": "#/components/schemas/FetchBillPaymentInstrumentsResponse"
                }
              }
            }
          }
        }
      }
    },
    "/services/bill-payment/bill": {
      "get": {
        "tags": [
          "bill-payment-controller-impl"
        ],
        "operationId": "createBill",
        "parameters": [
          {
            "name": "createBillRequest",
            "in": "query",
            "required": true,
            "schema": {
              "$ref": "#/components/schemas/CreateBillRequest"
            }
          }
        ],
        "responses": {
          "200": {
            "description": "OK",
            "content": {
              "application/json": {
                "schema": {
                  "$ref": "#/components/schemas/CreateBillResponse"
                }
              }
            }
          }
        }
      }
    },
    "/internal/services/bill-payment/bill": {
      "get": {
        "tags": [
          "bill-payment-controller-impl"
        ],
        "operationId": "createBill_1",
        "parameters": [
          {
            "name": "createBillRequest",
            "in": "query",
            "required": true,
            "schema": {
              "$ref": "#/components/schemas/CreateBillRequest"
            }
          }
        ],
        "responses": {
          "200": {
            "description": "OK",
            "content": {
              "application/json": {
                "schema": {
                  "$ref": "#/components/schemas/CreateBillResponse"
                }
              }
            }
          }
        }
      }
    }
  },
  "components": {
    "schemas": {
      "BillerDataCacheUpdateRequest": {
        "type": "object",
        "properties": {
          "billerCategoryDataUpdateRequired": {
            "type": "boolean"
          },
          "processorBillerIds": {
            "uniqueItems": true,
            "type": "array",
            "items": {
              "type": "string"
            }
          },
          "evictCacheForAllBillers": {
            "type": "boolean"
          }
        }
      },
      "BillerDataCacheUpdateResponse": {
        "type": "object",
        "properties": {
          "processorBillerIdsToRetry": {
            "uniqueItems": true,
            "type": "array",
            "items": {
              "type": "string"
            }
          }
        }
      },
      "UpdateCustomerBillAccountRequest": {
        "type": "object",
        "properties": {
          "customerBillAccountId": {
            "type": "string",
            "format": "uuid"
          },
          "processorBillAccountId": {
            "type": "string"
          },
          "customerAccountId": {
            "type": "string",
            "format": "uuid"
          },
          "accountAlias": {
            "maxLength": 29,
            "minLength": 0,
            "pattern": "^[a-zA-Z0-9_ ]*$",
            "type": "string"
          },
          "processorBillerId": {
            "type": "string"
          },
          "accountNumber": {
            "maxLength": 40,
            "minLength": 5,
            "type": "string"
          },
          "dueDate": {
            "type": "string"
          },
          "dueAmount": {
            "type": "number"
          },
          "dueAmountCurrency": {
            "type": "string"
          },
          "billerId": {
            "type": "string",
            "format": "uuid"
          }
        }
      },
      "UpdateCustomerBillAccountResponse": {
        "type": "object",
        "properties": {
          "status": {
            "type": "string"
          },
          "message": {
            "type": "string"
          }
        }
      },
      "CardMetadata": {
        "type": "object",
        "properties": {
          "authId": {
            "type": "string"
          },
          "cardTokenInformation": {
            "$ref": "#/components/schemas/CardTokenInformation"
          },
          "fraudInfo": {
            "$ref": "#/components/schemas/FraudInfo"
          }
        }
      },
      "CardPaymentDetails": {
        "type": "object",
        "properties": {
          "paymentPreferenceId": {
            "type": "string",
            "format": "uuid"
          },
          "cardMetadata": {
            "$ref": "#/components/schemas/CardMetadata"
          },
          "customerAccountId": {
            "type": "string",
            "format": "uuid"
          }
        }
      },
      "CardTokenInformation": {
        "type": "object",
        "properties": {
          "panToken": {
            "type": "string"
          },
          "cvvToken": {
            "type": "string"
          },
          "keyId": {
            "type": "string"
          },
          "integrityCheck": {
            "type": "string"
          },
          "phase": {
            "type": "string"
          }
        }
      },
      "CofTopupRequest": {
        "type": "object",
        "properties": {
          "customerAccountInfo": {
            "$ref": "#/components/schemas/CustomerAccountInfo"
          },
          "amount": {
            "type": "number"
          },
          "amountCurrency": {
            "type": "string"
          },
          "cardPaymentDetails": {
            "$ref": "#/components/schemas/CardPaymentDetails"
          },
          "giftCardPaymentDetails": {
            "$ref": "#/components/schemas/GiftCardPaymentDetails"
          },
          "transactionReferenceId": {
            "type": "string",
            "format": "uuid"
          },
          "transactionId": {
            "type": "string",
            "format": "uuid"
          }
        }
      },
      "CustomerAccountInfo": {
        "type": "object",
        "properties": {
          "phone": {
            "type": "string"
          },
          "emailId": {
            "type": "string"
          },
          "customerAccountId": {
            "type": "string",
            "format": "uuid"
          },
          "status": {
            "type": "string"
          },
          "level": {
            "type": "integer",
            "format": "int32"
          }
        }
      },
      "FraudInfo": {
        "type": "object",
        "properties": {
          "inAuthId": {
            "type": "string"
          }
        }
      },
      "GiftCardMetadata": {
        "type": "object",
        "properties": {
          "authId": {
            "type": "string"
          }
        }
      },
      "GiftCardPaymentDetails": {
        "type": "object",
        "properties": {
          "paymentPreferenceId": {
            "type": "string",
            "format": "uuid"
          },
          "cardMetadata": {
            "$ref": "#/components/schemas/GiftCardMetadata"
          },
          "customerAccountId": {
            "type": "string",
            "format": "uuid"
          }
        }
      },
      "BillingAddress": {
        "type": "object",
        "properties": {
          "street": {
            "type": "string"
          },
          "exteriorNum": {
            "type": "string"
          },
          "city": {
            "type": "string"
          },
          "colony": {
            "type": "string"
          },
          "postalCode": {
            "type": "string"
          },
          "stateCode": {
            "type": "string"
          },
          "countryCode": {
            "type": "string"
          }
        }
      },
      "BinDetails": {
        "type": "object",
        "properties": {
          "bin": {
            "type": "string"
          },
          "brandName": {
            "type": "string"
          },
          "bankName": {
            "type": "string"
          },
          "bankLogo": {
            "type": "string"
          },
          "brandLogo": {
            "type": "string"
          },
          "bankColor": {
            "type": "string"
          },
          "textColor": {
            "type": "string"
          }
        }
      },
      "CofTopupResponse": {
        "type": "object",
        "properties": {
          "clientRequestId": {
            "type": "string"
          },
          "transaction": {
            "$ref": "#/components/schemas/TransactionDTO"
          },
          "paymentDetails": {
            "$ref": "#/components/schemas/PaymentDetails"
          },
          "errorCode": {
            "type": "string"
          },
          "displayMessage": {
            "type": "string"
          },
          "redirectToOptionsScreenOnRetry": {
            "type": "boolean"
          },
          "cashiOrderId": {
            "type": "string"
          }
        }
      },
      "Company": {
        "type": "object",
        "properties": {
          "companyName": {
            "type": "string"
          },
          "companyLogo": {
            "type": "string"
          },
          "companyImage": {
            "type": "string"
          },
          "companyColor": {
            "type": "string"
          }
        }
      },
      "GiftcardPaymentDetails": {
        "type": "object",
        "properties": {
          "giftCardTxnId": {
            "type": "string"
          },
          "giftCardTxnState": {
            "type": "string"
          },
          "giftCardTxnStateReason": {
            "type": "string"
          },
          "amount": {
            "type": "number"
          },
          "currencyUnit": {
            "type": "string"
          },
          "approvalCode": {
            "type": "string"
          },
          "giftCardTxnType": {
            "type": "string"
          },
          "paymentPreference": {
            "$ref": "#/components/schemas/PaymentPreference"
          }
        }
      },
      "PaymentDetails": {
        "type": "object",
        "properties": {
          "cardPaymentDetails": {
            "type": "array",
            "items": {
              "$ref": "#/components/schemas/CardPaymentDetails"
            }
          },
          "giftcardPaymentDetails": {
            "type": "array",
            "items": {
              "$ref": "#/components/schemas/GiftcardPaymentDetails"
            }
          }
        }
      },
      "PaymentPreference": {
        "type": "object",
        "properties": {
          "paymentId": {
            "type": "string"
          },
          "piHash": {
            "type": "string"
          },
          "accountNumber": {
            "type": "string"
          },
          "company": {
            "$ref": "#/components/schemas/Company"
          },
          "paymentType": {
            "type": "string"
          },
          "cardholderName": {
            "type": "string"
          },
          "cardNumber": {
            "type": "string"
          },
          "last4Digits": {
            "type": "string"
          },
          "expirationMonth": {
            "type": "string"
          },
          "expirationYear": {
            "type": "string"
          },
          "brand": {
            "type": "string"
          },
          "billingAddress": {
            "$ref": "#/components/schemas/BillingAddress"
          },
          "cardExpired": {
            "type": "boolean"
          },
          "favoriteCard": {
            "type": "boolean"
          },
          "binDetails": {
            "$ref": "#/components/schemas/BinDetails"
          },
          "cvvVerified": {
            "type": "boolean"
          }
        }
      },
      "TransactionDTO": {
        "type": "object",
        "properties": {
          "id": {
            "type": "string"
          },
          "cashiConfirmationNumber": {
            "type": "string"
          },
          "amount": {
            "type": "number"
          },
          "currencyUnit": {
            "type": "string"
          },
          "walletTransactionType": {
            "type": "string"
          },
          "transactionState": {
            "type": "string",
            "enum": [
              "PENDING",
              "FAILED",
              "SETTLED",
              "SUCCESS",
              "PENDING_3DS_GENERATED",
              "CANCELLED"
            ]
          },
          "transactionStateReason": {
            "type": "string",
            "enum": [
              "DEBIT_INITIATED",
              "DEBIT_SUCCESS",
              "DEBIT_PENDING",
              "CREDIT_INITIATED",
              "CREDIT_SUCCESS",
              "CREDIT_PENDING",
              "CREDIT_FAILED",
              "VALIDATION_SUCCESS",
              "TOPUP_INITIATED",
              "TOPUP_SUCCESS",
              "TOPUP_PENDING",
              "BILL_PAYMENT_PROCESSOR_INITIATED",
              "BILL_PAY_SUCCESS",
              "SUCCESS",
              "FAILED",
              "BILL_PAYMENT_PROCESSOR_FAILED",
              "VALIDATION_FAILED",
              "TOPUP_FAILED",
              "DEBIT_FAILED",
              "BILL_PAY_ABORT"
            ]
          },
          "beginningBalance": {
            "type": "number"
          },
          "endingBalance": {
            "type": "number"
          },
          "topupTransaction": {
            "$ref": "#/components/schemas/PaymentDetails"
          }
        }
      },
      "CancelRequest": {
        "type": "object",
        "properties": {
          "abortReason": {
            "type": "string"
          },
          "transactionId": {
            "type": "string",
            "format": "uuid"
          },
          "customerAccountId": {
            "type": "string",
            "format": "uuid"
          }
        }
      },
      "CancelTopUpResponse": {
        "type": "object",
        "properties": {
          "status": {
            "type": "string"
          },
          "statusCode": {
            "type": "string"
          },
          "statusMessage": {
            "type": "string"
          },
          "transaction": {
            "$ref": "#/components/schemas/Transaction"
          }
        }
      },
      "Transaction": {
        "type": "object",
        "properties": {
          "id": {
            "type": "string",
            "format": "uuid"
          },
          "cashiConfirmationNumber": {
            "type": "string"
          },
          "amount": {
            "type": "number"
          },
          "currencyUnit": {
            "type": "string",
            "enum": [
              "AED",
              "AFN",
              "ALL",
              "AMD",
              "ANG",
              "AOA",
              "ARS",
              "AUD",
              "AWG",
              "AZN",
              "BAM",
              "BBD",
              "BDT",
              "BGN",
              "BHD",
              "BIF",
              "BMD",
              "BND",
              "BOB",
              "BRL",
              "BSD",
              "BTN",
              "BWP",
              "BYR",
              "BZD",
              "CAD",
              "CDF",
              "CHF",
              "CLP",
              "CNY",
              "COP",
              "CRC",
              "CUP",
              "CVE",
              "CZK",
              "DJF",
              "DKK",
              "DOP",
              "DZD",
              "EGP",
              "ERN",
              "ETB",
              "EUR",
              "FJD",
              "FKP",
              "GBP",
              "GEL",
              "GHS",
              "GIP",
              "GMD",
              "GNF",
              "GTQ",
              "GYD",
              "HKD",
              "HNL",
              "HRK",
              "HTG",
              "HUF",
              "IDR",
              "ILS",
              "INR",
              "IQD",
              "IRR",
              "ISK",
              "JMD",
              "JOD",
              "JPY",
              "KES",
              "KGS",
              "KHR",
              "KMF",
              "KPW",
              "KRW",
              "KWD",
              "KYD",
              "KZT",
              "LAK",
              "LBP",
              "LKR",
              "LRD",
              "LSL",
              "LTL",
              "LVL",
              "LYD",
              "MAD",
              "MDL",
              "MGA",
              "MKD",
              "MMK",
              "MNT",
              "MOP",
              "MRO",
              "MUR",
              "MVR",
              "MWK",
              "MXN",
              "MYR",
              "MZN",
              "NAD",
              "NGN",
              "NIO",
              "NOK",
              "NPR",
              "NZD",
              "OMR",
              "PAB",
              "PEN",
              "PGK",
              "PHP",
              "PKR",
              "PLN",
              "PYG",
              "QAR",
              "RON",
              "RSD",
              "RUB",
              "RUR",
              "RWF",
              "SAR",
              "SBD",
              "SCR",
              "SDG",
              "SEK",
              "SGD",
              "SHP",
              "SLL",
              "SOS",
              "SRD",
              "STD",
              "SYP",
              "SZL",
              "THB",
              "TJS",
              "TMT",
              "TND",
              "TOP",
              "TRY",
              "TTD",
              "TWD",
              "TZS",
              "UAH",
              "UGX",
              "USD",
              "UYU",
              "UZS",
              "VEF",
              "VND",
              "VUV",
              "WST",
              "XAF",
              "XAG",
              "XAU",
              "XBA",
              "XBB",
              "XBC",
              "XBD",
              "XCD",
              "XDR",
              "XFU",
              "XOF",
              "XPD",
              "XPF",
              "XPT",
              "XTS",
              "XXX",
              "YER",
              "ZAR",
              "ZMK",
              "ZWL"
            ]
          },
          "type": {
            "type": "string"
          },
          "state": {
            "type": "string"
          },
          "stateReason": {
            "type": "string"
          }
        }
      },
      "BillerDataUpdatesRequest": {
        "type": "object",
        "properties": {
          "processorBillerIds": {
            "uniqueItems": true,
            "type": "array",
            "items": {
              "type": "string"
            }
          }
        }
      },
      "BillerDataUpdatesResponse": {
        "type": "object",
        "properties": {
          "billerCategoryDataLastUpdatedAt": {
            "type": "string",
            "format": "date-time"
          },
          "billerPlanDetailUpdates": {
            "type": "array",
            "items": {
              "$ref": "#/components/schemas/BillerPlanDetailUpdate"
            }
          }
        }
      },
      "BillerPlanDetailUpdate": {
        "type": "object",
        "properties": {
          "processorBillerId": {
            "type": "string"
          },
          "lastUpdatedAt": {
            "type": "string",
            "format": "date-time"
          }
        }
      },
      "AmountDto": {
        "type": "object",
        "properties": {
          "amount": {
            "type": "number"
          },
          "currencyUnit": {
            "type": "string"
          }
        }
      },
      "BillerDetailsDto": {
        "type": "object",
        "properties": {
          "billerId": {
            "type": "string",
            "format": "uuid"
          },
          "billerName": {
            "type": "string"
          },
          "accountNumber": {
            "type": "string"
          },
          "billDetailId": {
            "type": "string",
            "format": "uuid"
          }
        }
      },
      "CardPaymentDetailsDto": {
        "type": "object",
        "properties": {
          "paymentInstrument": {
            "$ref": "#/components/schemas/PaymentInstrument"
          },
          "amount": {
            "$ref": "#/components/schemas/AmountDto"
          },
          "cardTokenInformation": {
            "$ref": "#/components/schemas/CardTokenInformation"
          },
          "msiInfo": {
            "$ref": "#/components/schemas/MSIInfo"
          },
          "fraudInfo": {
            "$ref": "#/components/schemas/FraudInfo"
          }
        }
      },
      "GiftCardPaymentDetailsDto": {
        "type": "object",
        "properties": {
          "paymentInstrument": {
            "$ref": "#/components/schemas/PaymentInstrument"
          },
          "amount": {
            "$ref": "#/components/schemas/AmountDto"
          }
        }
      },
      "MSIInfo": {
        "type": "object",
        "properties": {
          "schemeId": {
            "type": "string"
          },
          "amount": {
            "type": "number"
          },
          "installment": {
            "type": "integer",
            "format": "int32"
          }
        }
      },
      "PayBillRequest": {
        "required": [
          "billerDetails",
          "cardPaymentDetails",
          "giftcardPaymentDetails",
          "savedBillId",
          "transaction"
        ],
        "type": "object",
        "properties": {
          "billerDetails": {
            "$ref": "#/components/schemas/BillerDetailsDto"
          },
          "savedBillId": {
            "type": "string",
            "format": "uuid"
          },
          "cardPaymentDetails": {
            "type": "array",
            "items": {
              "$ref": "#/components/schemas/CardPaymentDetailsDto"
            }
          },
          "giftcardPaymentDetails": {
            "type": "array",
            "items": {
              "$ref": "#/components/schemas/GiftCardPaymentDetailsDto"
            }
          },
          "customerAccountId": {
            "type": "string",
            "format": "uuid"
          },
          "transaction": {
            "$ref": "#/components/schemas/Transaction"
          }
        }
      },
      "PaymentInstrument": {
        "type": "object",
        "properties": {
          "paymentId": {
            "type": "string",
            "format": "uuid"
          },
          "paymentType": {
            "type": "string"
          }
        }
      },
      "BillerDto": {
        "type": "object",
        "properties": {
          "billerId": {
            "type": "string"
          },
          "name": {
            "type": "string"
          },
          "imageURL": {
            "type": "string"
          },
          "fxRate": {
            "type": "integer",
            "format": "int32"
          },
          "autoPay": {
            "type": "boolean"
          },
          "hoursToFulfill": {
            "type": "integer",
            "format": "int32"
          },
          "accountNumber": {
            "type": "string"
          },
          "billerAccountSaved": {
            "type": "boolean"
          },
          "information": {
            "type": "string"
          },
          "termsAndConditions": {
            "type": "string"
          },
          "redeemURL": {
            "type": "string"
          }
        }
      },
      "PayBillResponse": {
        "type": "object",
        "properties": {
          "clientRequestId": {
            "type": "string"
          },
          "transaction": {
            "$ref": "#/components/schemas/Transaction"
          },
          "biller": {
            "$ref": "#/components/schemas/BillerDto"
          },
          "savedBill": {
            "$ref": "#/components/schemas/SavedBillDto"
          }
        }
      },
      "SavedBillDto": {
        "type": "object",
        "properties": {
          "id": {
            "type": "string",
            "format": "uuid"
          }
        }
      },
      "CancelResponse": {
        "type": "object",
        "properties": {
          "clientRequestId": {
            "type": "string"
          },
          "transaction": {
            "$ref": "#/components/schemas/Transaction"
          }
        }
      },
      "EventRetryPayloadObject": {
        "type": "object",
        "properties": {
          "eventId": {
            "type": "string"
          },
          "appName": {
            "type": "string"
          },
          "eventType": {
            "type": "string"
          },
          "error": {
            "type": "string"
          },
          "payload": {
            "type": "object"
          },
          "payloadClassName": {
            "type": "string"
          },
          "maxRetryCount": {
            "type": "integer",
            "format": "int32"
          },
          "eventStatus": {
            "type": "string",
            "enum": [
              "EVENT_SUCCESS",
              "EVENT_FAILED",
              "EVENT_PROCESSING",
              "EVENT_PENDING",
              "EVENT_PROCESSING_ERROR"
            ]
          },
          "nextRetryTime": {
            "type": "string",
            "format": "date-time"
          }
        }
      },
      "SaveEventRequest": {
        "type": "object",
        "properties": {
          "eventRetryPayload": {
            "$ref": "#/components/schemas/EventRetryPayloadObject"
          }
        }
      },
      "DigiwalletServiceResponseSaveEventResponse": {
        "type": "object",
        "properties": {
          "status": {
            "type": "string",
            "enum": [
              "SUCCESS",
              "FAILURE"
            ]
          },
          "statusCode": {
            "type": "string"
          },
          "statusMessage": {
            "type": "string"
          },
          "requestId": {
            "type": "string"
          },
          "httpStatusCode": {
            "type": "integer",
            "format": "int32",
            "writeOnly": true
          },
          "data": {
            "$ref": "#/components/schemas/SaveEventResponse"
          },
          "timestamp": {
            "type": "string"
          }
        }
      },
      "SaveEventResponse": {
        "type": "object",
        "properties": {
          "eventID": {
            "type": "string",
            "format": "uuid"
          }
        }
      },
      "DigiwalletServiceResponseEventRetryResponse": {
        "type": "object",
        "properties": {
          "status": {
            "type": "string",
            "enum": [
              "SUCCESS",
              "FAILURE"
            ]
          },
          "statusCode": {
            "type": "string"
          },
          "statusMessage": {
            "type": "string"
          },
          "requestId": {
            "type": "string"
          },
          "httpStatusCode": {
            "type": "integer",
            "format": "int32",
            "writeOnly": true
          },
          "data": {
            "$ref": "#/components/schemas/EventRetryResponse"
          },
          "timestamp": {
            "type": "string"
          }
        }
      },
      "EventRetryPayload": {
        "type": "object",
        "properties": {
          "eventId": {
            "type": "string"
          },
          "appName": {
            "type": "string"
          },
          "eventType": {
            "type": "string"
          },
          "error": {
            "type": "string"
          },
          "payload": {
            "type": "object"
          },
          "payloadClassName": {
            "type": "string"
          },
          "maxRetryCount": {
            "type": "integer",
            "format": "int32"
          },
          "eventStatus": {
            "type": "string",
            "enum": [
              "EVENT_SUCCESS",
              "EVENT_FAILED",
              "EVENT_PROCESSING",
              "EVENT_PENDING",
              "EVENT_PROCESSING_ERROR"
            ]
          },
          "nextRetryTime": {
            "type": "string",
            "format": "date-time"
          }
        }
      },
      "EventRetryResponse": {
        "type": "object",
        "properties": {
          "retryCount": {
            "type": "integer",
            "format": "int32"
          },
          "eventRetryPayload": {
            "$ref": "#/components/schemas/EventRetryPayload"
          }
        }
      },
      "GetBillsRequest": {
        "required": [
          "count",
          "customerAccountId"
        ],
        "type": "object",
        "properties": {
          "customerAccountId": {
            "type": "string",
            "format": "uuid"
          },
          "count": {
            "type": "integer",
            "format": "int32"
          },
          "billType": {
            "type": "string"
          },
          "processorBillerId": {
            "type": "string"
          }
        }
      },
      "BillInfo": {
        "type": "object",
        "properties": {
          "text": {
            "type": "string"
          },
          "type": {
            "type": "string"
          }
        }
      },
      "GetBillsResponse": {
        "type": "object",
        "properties": {
          "billId": {
            "type": "string",
            "format": "uuid"
          },
          "processorBillerId": {
            "type": "string"
          },
          "queryBillerId": {
            "type": "integer",
            "format": "int32"
          },
          "customerAccountId": {
            "type": "string"
          },
          "customerBillId": {
            "type": "string"
          },
          "type": {
            "type": "string"
          },
          "accountNumber": {
            "type": "string"
          },
          "accountAlias": {
            "type": "string"
          },
          "dueDate": {
            "type": "string",
            "format": "date-time"
          },
          "lastPaidDate": {
            "type": "string",
            "format": "date-time"
          },
          "aggregatorAccountNumber": {
            "type": "string"
          },
          "dueDateUpdatedAt": {
            "type": "string",
            "format": "date-time"
          },
          "dueAmount": {
            "type": "number"
          },
          "dueAmountCurrency": {
            "type": "string"
          },
          "info": {
            "$ref": "#/components/schemas/BillInfo"
          },
          "biller": {
            "$ref": "#/components/schemas/BillerDto"
          },
          "deleted": {
            "type": "boolean"
          },
          "saved": {
            "type": "boolean"
          }
        }
      },
      "Bill": {
        "type": "object",
        "properties": {
          "billDetailId": {
            "type": "string",
            "format": "uuid"
          },
          "amount": {
            "type": "number"
          },
          "name": {
            "type": "string"
          },
          "description": {
            "type": "string"
          },
          "validity": {
            "type": "string"
          },
          "socialMediaIcons": {
            "type": "array",
            "items": {
              "type": "string"
            }
          }
        }
      },
      "BillPlan": {
        "type": "object",
        "properties": {
          "plan": {
            "type": "string"
          },
          "billDetails": {
            "type": "array",
            "items": {
              "$ref": "#/components/schemas/Bill"
            }
          },
          "grouped": {
            "type": "boolean"
          }
        }
      },
      "BillProviderDetailsResponse": {
        "type": "object",
        "properties": {
          "billerInformation": {
            "$ref": "#/components/schemas/BillerInformation"
          },
          "billers": {
            "type": "array",
            "items": {
              "$ref": "#/components/schemas/Biller"
            }
          },
          "savedBillInfos": {
            "type": "array",
            "items": {
              "$ref": "#/components/schemas/SavedBillInfo"
            }
          }
        }
      },
      "BillTypeValidation": {
        "type": "object",
        "properties": {
          "type": {
            "type": "string"
          },
          "minDigits": {
            "type": "integer",
            "format": "int32"
          },
          "maxDigits": {
            "type": "integer",
            "format": "int32"
          }
        }
      },
      "Biller": {
        "type": "object",
        "properties": {
          "billerId": {
            "type": "string",
            "format": "uuid"
          },
          "processorBillerId": {
            "type": "string"
          },
          "vendorId": {
            "type": "integer",
            "format": "int32"
          },
          "name": {
            "type": "string"
          },
          "displayName": {
            "type": "string"
          },
          "billerType": {
            "type": "string"
          },
          "billType": {
            "type": "string"
          },
          "imageURL": {
            "type": "string"
          },
          "minAmount": {
            "type": "number"
          },
          "maxAmount": {
            "type": "number"
          },
          "billerAccountNumber": {
            "type": "string"
          },
          "supportsAutoPay": {
            "type": "boolean"
          },
          "isNewBiller": {
            "type": "boolean"
          },
          "isPopular": {
            "type": "boolean"
          },
          "popularPriority": {
            "type": "integer",
            "format": "int32"
          },
          "tags": {
            "type": "array",
            "items": {
              "type": "string"
            }
          },
          "canCheckBalance": {
            "type": "boolean"
          },
          "partialAcceptOnlyPesos": {
            "type": "boolean"
          },
          "supportsPartialPayments": {
            "type": "boolean"
          },
          "prepaid": {
            "type": "boolean"
          },
          "billTypeValidation": {
            "$ref": "#/components/schemas/BillTypeValidation"
          },
          "plans": {
            "type": "array",
            "items": {
              "$ref": "#/components/schemas/BillPlan"
            }
          },
          "inputType": {
            "type": "string",
            "enum": [
              "NUMERIC",
              "ALPHANUMERIC",
              "ALPHABET"
            ]
          },
          "inputPlaceholderText": {
            "type": "string"
          },
          "topupCommission": {
            "type": "string"
          }
        }
      },
      "BillerInformation": {
        "type": "object",
        "properties": {
          "billerId": {
            "type": "string",
            "format": "uuid"
          },
          "processorBillerId": {
            "type": "string"
          },
          "name": {
            "type": "string"
          },
          "productName": {
            "type": "string"
          },
          "imageURL": {
            "type": "string"
          },
          "billerBehaviourCode": {
            "type": "string"
          },
          "termsAndConditions": {
            "type": "string"
          },
          "information": {
            "type": "string"
          },
          "disclaimer": {
            "type": "string"
          }
        }
      },
      "DueBillsInfoDTO": {
        "type": "object",
        "properties": {
          "type": {
            "type": "string"
          },
          "text": {
            "type": "string"
          }
        }
      },
      "SavedBillInfo": {
        "type": "object",
        "properties": {
          "id": {
            "type": "string",
            "format": "uuid"
          },
          "customerAccountId": {
            "type": "string",
            "format": "uuid"
          },
          "processorBillerId": {
            "type": "string"
          },
          "wrapperBillerId": {
            "type": "integer",
            "format": "int32"
          },
          "accountNumber": {
            "type": "string"
          },
          "accountAlias": {
            "type": "string"
          },
          "createDate": {
            "type": "string",
            "format": "date-time"
          },
          "billerAccountUpdatedAt": {
            "type": "string",
            "format": "date-time"
          },
          "lastPaidDate": {
            "type": "string",
            "format": "date-time"
          },
          "billerAccountDeletedAt": {
            "type": "string",
            "format": "date-time"
          },
          "imageURL": {
            "type": "string"
          },
          "displayName": {
            "type": "string"
          },
          "dueDate": {
            "type": "string",
            "format": "date-time"
          },
          "customerBillId": {
            "type": "string"
          },
          "info": {
            "$ref": "#/components/schemas/DueBillsInfoDTO"
          }
        }
      },
      "PopularBillersResponse": {
        "type": "object",
        "properties": {
          "billers": {
            "type": "array",
            "items": {
              "$ref": "#/components/schemas/Biller"
            }
          }
        }
      },
      "BillerCategoriesResponse": {
        "type": "object",
        "properties": {
          "status": {
            "type": "string"
          },
          "statusCode": {
            "type": "string"
          },
          "statusMessage": {
            "type": "string"
          },
          "categories": {
            "type": "array",
            "items": {
              "$ref": "#/components/schemas/BillerCategory"
            }
          },
          "billerCategoryDataLastUpdatedAt": {
            "type": "string",
            "format": "date-time"
          }
        }
      },
      "BillerCategory": {
        "type": "object",
        "properties": {
          "id": {
            "type": "string",
            "format": "uuid"
          },
          "categoryName": {
            "type": "string"
          },
          "imageUrl": {
            "type": "string"
          },
          "billerVersion": {
            "type": "integer",
            "format": "int32"
          },
          "hasEnabledBillers": {
            "type": "boolean"
          },
          "hasNewBillers": {
            "type": "boolean"
          },
          "billers": {
            "type": "array",
            "items": {
              "$ref": "#/components/schemas/Biller"
            }
          }
        }
      },
      "BillerByIdResponse": {
        "type": "object",
        "properties": {
          "billerInformation": {
            "$ref": "#/components/schemas/BillerInformation"
          },
          "billers": {
            "type": "array",
            "items": {
              "$ref": "#/components/schemas/Biller"
            }
          },
          "lastUpdatedAt": {
            "type": "string",
            "format": "date-time"
          }
        }
      },
      "BillDetailDO": {
        "type": "object",
        "properties": {
          "createDate": {
            "type": "string",
            "format": "date-time"
          },
          "updateDate": {
            "type": "string",
            "format": "date-time"
          },
          "createdBy": {
            "type": "string"
          },
          "updatedBy": {
            "type": "string"
          },
          "billDetailId": {
            "type": "string",
            "format": "uuid"
          },
          "billPlan": {
            "$ref": "#/components/schemas/BillPlanDO"
          },
          "billAmount": {
            "type": "number"
          },
          "appDisplaySequenceNumber": {
            "type": "integer",
            "format": "int32"
          },
          "name": {
            "type": "string"
          },
          "description": {
            "type": "string"
          },
          "duration": {
            "type": "integer",
            "format": "int32"
          },
          "durationUnit": {
            "type": "string"
          },
          "validity": {
            "type": "string"
          },
          "socialMediaIcons": {
            "type": "string"
          },
          "version": {
            "type": "integer",
            "format": "int64"
          },
          "enabled": {
            "type": "boolean"
          }
        }
      },
      "BillPlanDO": {
        "type": "object",
        "properties": {
          "createDate": {
            "type": "string",
            "format": "date-time"
          },
          "updateDate": {
            "type": "string",
            "format": "date-time"
          },
          "createdBy": {
            "type": "string"
          },
          "updatedBy": {
            "type": "string"
          },
          "billPlanId": {
            "type": "string",
            "format": "uuid"
          },
          "biller": {
            "$ref": "#/components/schemas/BillerDO"
          },
          "planName": {
            "type": "string"
          },
          "appDisplaySequenceNumber": {
            "type": "integer",
            "format": "int32"
          },
          "billDetails": {
            "type": "array",
            "items": {
              "$ref": "#/components/schemas/BillDetailDO"
            }
          },
          "version": {
            "type": "integer",
            "format": "int64"
          },
          "enabled": {
            "type": "boolean"
          }
        }
      },
      "BillerDO": {
        "type": "object",
        "properties": {
          "createDate": {
            "type": "string",
            "format": "date-time"
          },
          "updateDate": {
            "type": "string",
            "format": "date-time"
          },
          "createdBy": {
            "type": "string"
          },
          "updatedBy": {
            "type": "string"
          },
          "billerId": {
            "type": "string",
            "format": "uuid"
          },
          "minAmount": {
            "type": "number"
          },
          "maxAmount": {
            "type": "number"
          },
          "supportsPartialPayments": {
            "type": "boolean"
          },
          "partialMinAmount": {
            "type": "number"
          },
          "billerName": {
            "type": "string"
          },
          "processor": {
            "type": "string"
          },
          "processorBillerId": {
            "type": "string"
          },
          "billType": {
            "type": "string"
          },
          "billerType": {
            "type": "string"
          },
          "canCheckBalance": {
            "type": "boolean"
          },
          "partialAcceptOnlyPesos": {
            "type": "boolean"
          },
          "prepaid": {
            "type": "boolean"
          },
          "supportsAutoPay": {
            "type": "boolean"
          },
          "hoursToFulfill": {
            "type": "integer",
            "format": "int32"
          },
          "billerAccountNumber": {
            "type": "string"
          },
          "vendorId": {
            "type": "integer",
            "format": "int32"
          },
          "redeemURL": {
            "type": "string"
          },
          "termsAndConditions": {
            "type": "string"
          },
          "information": {
            "type": "string"
          },
          "metaData": {
            "type": "array",
            "items": {
              "type": "string",
              "format": "byte"
            }
          },
          "inputType": {
            "type": "string",
            "enum": [
              "NUMERIC",
              "ALPHANUMERIC",
              "ALPHABET"
            ]
          },
          "inputPlaceholderText": {
            "type": "string"
          },
          "parentBiller": {
            "$ref": "#/components/schemas/BillerDO"
          },
          "subBillers": {
            "type": "array",
            "items": {
              "$ref": "#/components/schemas/BillerDO"
            }
          },
          "billPlans": {
            "uniqueItems": true,
            "type": "array",
            "items": {
              "$ref": "#/components/schemas/BillPlanDO"
            }
          },
          "commission": {
            "type": "string"
          },
          "productDisplayName": {
            "type": "string"
          },
          "country": {
            "type": "string"
          },
          "currency": {
            "type": "string"
          },
          "disclaimer": {
            "type": "string"
          },
          "redeemInstructions": {
            "type": "string"
          },
          "topupCommission": {
            "type": "string"
          },
          "arcusAuthKeyVersion": {
            "type": "integer",
            "format": "int32"
          },
          "imageURL": {
            "type": "string"
          },
          "displayName": {
            "type": "string"
          },
          "tags": {
            "type": "string"
          },
          "isNewBiller": {
            "type": "boolean"
          },
          "subBillerShownAsProduct": {
            "type": "boolean"
          },
          "appDisplaySequenceNumber": {
            "type": "integer",
            "format": "int32"
          },
          "availableTopupAmount": {
            "type": "string"
          },
          "popularBillerSequenceNumber": {
            "type": "integer",
            "format": "int32"
          },
          "version": {
            "type": "integer",
            "format": "int64"
          },
          "enabled": {
            "type": "boolean"
          },
          "customAmountEnabled": {
            "type": "boolean"
          }
        }
      },
      "BillerDetails": {
        "type": "object",
        "properties": {
          "billerId": {
            "type": "string",
            "format": "uuid"
          },
          "billerName": {
            "type": "string"
          },
          "accountNumber": {
            "type": "string"
          },
          "processorBillerId": {
            "type": "string"
          },
          "biller": {
            "$ref": "#/components/schemas/BillerDO"
          },
          "billDetailId": {
            "type": "string",
            "format": "uuid"
          }
        }
      },
      "FetchBillPaymentInstrumentsResponse": {
        "type": "object",
        "properties": {
          "transaction": {
            "$ref": "#/components/schemas/Transaction"
          },
          "billerDetails": {
            "$ref": "#/components/schemas/BillerDetails"
          },
          "paymentOptions": {
            "type": "array",
            "items": {
              "$ref": "#/components/schemas/PaymentInstrument"
            }
          },
          "paymentConfig": {
            "$ref": "#/components/schemas/PaymentConfig"
          }
        }
      },
      "PaymentConfig": {
        "type": "object",
        "properties": {
          "isMSIAllowedForSplit": {
            "type": "boolean"
          },
          "allowB2BSplitPayment": {
            "type": "boolean"
          },
          "allowB2BSplitForBillPayment": {
            "type": "boolean"
          },
          "allowCoFBillPayment": {
            "type": "boolean"
          },
          "allowMultipleB2BSplitPayment": {
            "type": "boolean"
          }
        }
      },
      "CreateBillRequest": {
        "required": [
          "accountNumber"
        ],
        "type": "object",
        "properties": {
          "billerId": {
            "type": "string",
            "format": "uuid"
          },
          "accountNumber": {
            "maxLength": 40,
            "minLength": 5,
            "type": "string"
          },
          "processorBillerID": {
            "type": "integer",
            "format": "int32"
          },
          "customerAccountId": {
            "type": "string",
            "format": "uuid"
          }
        }
      },
      "CreateBillResponse": {
        "type": "object",
        "properties": {
          "billId": {
            "type": "string"
          },
          "customerBillId": {
            "type": "string"
          },
          "billerId": {
            "type": "string",
            "format": "uuid"
          },
          "accountNumber": {
            "type": "string"
          },
          "balance": {
            "type": "number"
          },
          "balanceCurrency": {
            "type": "string"
          },
          "balanceUpdatedAt": {
            "type": "string"
          },
          "status": {
            "type": "string"
          },
          "type": {
            "type": "string"
          },
          "billPaidDate": {
            "type": "string"
          },
          "dueDate": {
            "type": "string"
          },
          "nameOnAccount": {
            "type": "string"
          }
        }
      }
    }
  }
}