{
    "project_name": "wallet-payment-service",
    "slack": "mxwallet-wcnp",
    "email": [
        "cashi-dev@email.wal-mart.com"
    ],
    "variables": {
        "scmurl": "https://gecgithub01.walmart.com/DigiWallet/wallet-payment-service.git",
        "giturl": "https://gecgithub01.walmart.com/DigiWallet/wallet-payment-service.git"
    },
    "flows": {
        "Dev": {
            "duration": "5",
            "vu": "2",
            "dc_load_distribution": {
                "scus-dev-aperf1": "50",
                "wus-dev-aperf1": "50"
            },
            "config": "perf/perf.json",
            "appurl": "http://wallet-payment-service-dev.walmart.com"
        }
    }
}